Model,Accuracy,Precision,Recall,F1-Score,CV Mean,CV Std,ROC-AUC
Random Forest,0.8975903614457831,0.9181818181818182,0.8595744680851064,0.887912087912088,0.885427135678392,0.018708050722599304,0.9635870884232667
Gradient Boosting,0.8895582329317269,0.9326923076923077,0.825531914893617,0.8758465011286682,0.8713567839195979,0.01543948894043942,0.9549470107596474
Logistic Regression,0.8514056224899599,0.896551724137931,0.774468085106383,0.8310502283105023,0.8396984924623115,0.017652430221357086,0.9232667259930426
SVM,0.8755020080321285,0.9625668449197861,0.7659574468085106,0.8530805687203791,0.8582914572864322,0.012370385552855441,0.924868538144163
